paxId,flight,flightDate,pnr,name,paxType,prm,unaccompaniedMinor,connecting,localResident
1,LH1234,29AUG26,PNR001,SCHMIDT/PETERMR,ADULT,N,N,N,Y
2,LH1234,29AUG26,PNR001,SCHMIDT/LEAMRS,ADULT,N,N,N,Y
3,LH1234,29AUG26,PNR002,WEBER/TOMMR,ADULT,N,N,N,Y
4,LH1234,29AUG26,PNR002,WEBER/MARIAMRS,ADULT,N,N,N,Y
5,LH1234,29AUG26,PNR003,NOVAK/IVANMR,ADULT,N,N,Y,N
6,LH1234,29AUG26,PNR003,NOVAK/SARAMRS,ADULT,N,N,Y,N
7,LH1234,29AUG26,PNR004,KOVAC/LUKAMR,ADULT,N,N,N,Y
8,LH1234,29AUG26,PNR004,KOVAC/ELENAMRS,ADULT,N,N,N,Y
9,LH1234,29AUG26,PNR005,HORVAT/MARKOMR,ADULT,N,N,N,N
10,LH1234,29AUG26,PNR005,HORVAT/KATJAMRS,ADULT,N,N,N,N
11,LH1234,29AUG26,PNR006,BAUER/JENSMR,ADULT,N,N,Y,N
12,LH1234,29AUG26,PNR006,BAUER/NINAMRS,ADULT,N,N,Y,N
13,LH1234,29AUG26,PNR007,FISCHER/PAULMR,ADULT,N,N,N,N
14,LH1234,29AUG26,PNR007,FISCHER/JULIAMRS,ADULT,N,N,N,N
15,LH1234,29AUG26,PNR008,WAGNER/ANDREASMR,ADULT,N,N,N,Y
16,LH1234,29AUG26,PNR008,WAGNER/ANNAMRS,ADULT,N,N,N,Y
17,LH1234,29AUG26,PNR009,BECKER/STEFANMR,ADULT,N,N,Y,N
18,LH1234,29AUG26,PNR009,BECKER/LEAMRS,ADULT,N,N,Y,N
19,LH1234,29AUG26,PNR010,HOFFMANN/HANSMR,ADULT,N,N,N,N
20,LH1234,29AUG26,PNR010,HOFFMANN/MARIAMRS,ADULT,N,N,N,N
21,LH1234,29AUG26,PNR011,SCHULZ/PETERMR,ADULT,N,N,N,Y
22,LH1234,29AUG26,PNR011,SCHULZ/SARAMRS,ADULT,N,N,N,Y
23,LH1234,29AUG26,PNR012,KLEIN/TOMMR,ADULT,N,N,Y,N
24,LH1234,29AUG26,PNR012,KLEIN/ELENAMRS,ADULT,N,N,Y,N
25,LH1234,29AUG26,PNR013,WOLF/IVANMR,ADULT,N,N,N,Y
26,LH1234,29AUG26,PNR013,WOLF/KATJAMRS,ADULT,N,N,N,Y
27,LH1234,29AUG26,PNR014,JUNG/LUKAMR,ADULT,N,N,N,N
28,LH1234,29AUG26,PNR014,JUNG/NINAMRS,ADULT,N,N,N,N
29,LH1234,29AUG26,PNR015,LANGE/MARKOMR,ADULT,N,N,Y,N
30,LH1234,29AUG26,PNR015,LANGE/JULIAMRS,ADULT,N,N,Y,N
31,LH1234,29AUG26,PNR016,KRAUSE/JENSMR,ADULT,N,N,N,Y
32,LH1234,29AUG26,PNR016,KRAUSE/ANNAMRS,ADULT,N,N,N,Y
33,LH1234,29AUG26,PNR017,MEIER/PAULMR,ADULT,N,N,N,Y
34,LH1234,29AUG26,PNR017,MEIER/LEAMRS,ADULT,N,N,N,Y
35,LH1234,29AUG26,PNR018,VOGEL/ANDREASMR,ADULT,N,N,Y,N
36,LH1234,29AUG26,PNR018,VOGEL/MARIAMRS,ADULT,N,N,Y,N
37,LH1234,29AUG26,PNR019,ZIMMER/STEFANMR,ADULT,N,N,N,Y
38,LH1234,29AUG26,PNR019,ZIMMER/SARAMRS,ADULT,N,N,N,Y
39,LH1234,29AUG26,PNR020,HAHN/HANSMR,ADULT,N,N,N,N
40,LH1234,29AUG26,PNR020,HAHN/ELENAMRS,ADULT,N,N,N,N
41,LH1234,29AUG26,PNR021,ROTH/PETERMR,ADULT,N,N,Y,N
42,LH1234,29AUG26,PNR021,ROTH/KATJAMRS,ADULT,N,N,Y,N
43,LH1234,29AUG26,PNR022,BRAUN/TOMMR,ADULT,N,N,N,Y
44,LH1234,29AUG26,PNR022,BRAUN/NINAMRS,ADULT,N,N,N,Y
45,LH1234,29AUG26,PNR023,KOCH/IVANMR,ADULT,N,N,N,Y
46,LH1234,29AUG26,PNR023,KOCH/JULIAMRS,ADULT,N,N,N,Y
47,LH1234,29AUG26,PNR023,KOCH/LEAMISS,CHILD,N,N,N,Y
48,LH1234,29AUG26,PNR024,MUELLER/LUKAMR,ADULT,N,N,Y,N
49,LH1234,29AUG26,PNR024,MUELLER/ANNAMRS,ADULT,N,N,Y,N
50,LH1234,29AUG26,PNR024,MUELLER/LEAMISS,CHILD,N,N,Y,N
51,LH1234,29AUG26,PNR025,SCHMIDT/MARKOMR,ADULT,N,N,N,N
52,LH1234,29AUG26,PNR025,SCHMIDT/LEAMRS,ADULT,N,N,N,N
53,LH1234,29AUG26,PNR025,SCHMIDT/LEAMISS,CHILD,N,N,N,N
54,LH1234,29AUG26,PNR026,WEBER/JENSMR,ADULT,N,N,N,Y
55,LH1234,29AUG26,PNR026,WEBER/MARIAMRS,ADULT,N,N,N,Y
56,LH1234,29AUG26,PNR026,WEBER/LEAMISS,CHILD,N,N,N,Y
57,LH1234,29AUG26,PNR027,NOVAK/PAULMR,ADULT,N,N,Y,N
58,LH1234,29AUG26,PNR027,NOVAK/SARAMRS,ADULT,N,N,Y,N
59,LH1234,29AUG26,PNR027,NOVAK/LEAMISS,CHILD,N,N,Y,N
60,LH1234,29AUG26,PNR028,KOVAC/ANDREASMR,ADULT,N,N,N,N
61,LH1234,29AUG26,PNR028,KOVAC/ELENAMRS,ADULT,N,N,N,N
62,LH1234,29AUG26,PNR028,KOVAC/LEAMISS,CHILD,N,N,N,N
63,LH1234,29AUG26,PNR029,HORVAT/STEFANMR,ADULT,N,N,N,Y
64,LH1234,29AUG26,PNR029,HORVAT/KATJAMRS,ADULT,N,N,N,Y
65,LH1234,29AUG26,PNR029,HORVAT/LEAMISS,CHILD,N,N,N,Y
66,LH1234,29AUG26,PNR030,BAUER/HANSMR,ADULT,N,N,Y,N
67,LH1234,29AUG26,PNR030,BAUER/NINAMRS,ADULT,N,N,Y,N
68,LH1234,29AUG26,PNR030,BAUER/LEAMISS,CHILD,N,N,Y,N
69,LH1234,29AUG26,PNR031,FISCHER/JULIAMRS,ADULT,N,N,N,Y
70,LH1234,29AUG26,PNR031,FISCHER/JANMSTR,CHILD,N,N,N,Y
71,LH1234,29AUG26,PNR032,WAGNER/ANNAMRS,ADULT,N,N,N,Y
72,LH1234,29AUG26,PNR032,WAGNER/JANMSTR,CHILD,N,N,N,Y
73,LH1234,29AUG26,PNR033,BECKER/LEAMRS,ADULT,N,N,Y,N
74,LH1234,29AUG26,PNR033,BECKER/JANMSTR,CHILD,N,N,Y,N
75,LH1234,29AUG26,PNR034,HOFFMANN/LUKAMR,ADULT,N,N,N,Y
76,LH1234,29AUG26,PNR035,SCHULZ/MARKOMR,ADULT,N,N,N,N
77,LH1234,29AUG26,PNR036,KLEIN/JENSMR,ADULT,N,N,Y,N
78,LH1234,29AUG26,PNR037,WOLF/PAULMR,ADULT,N,N,N,Y
79,LH1234,29AUG26,PNR038,JUNG/ANDREASMR,ADULT,N,N,N,Y
80,LH1234,29AUG26,PNR039,LANGE/STEFANMR,ADULT,N,N,Y,N
81,LH1234,29AUG26,PNR040,KRAUSE/HANSMR,ADULT,N,N,N,N
82,LH1234,29AUG26,PNR041,MEIER/PETERMR,ADULT,N,N,N,Y
83,LH1234,29AUG26,PNR042,VOGEL/TOMMR,ADULT,N,N,Y,N
84,LH1234,29AUG26,PNR043,ZIMMER/IVANMR,ADULT,N,N,N,Y
85,LH1234,29AUG26,PNR044,HAHN/LUKAMR,ADULT,N,N,N,Y
86,LH1234,29AUG26,PNR045,ROTH/MARKOMR,ADULT,N,N,Y,N
87,LH1234,29AUG26,PNR046,BRAUN/JENSMR,ADULT,N,N,N,Y
88,LH1234,29AUG26,PNR047,KOCH/PAULMR,ADULT,N,N,N,Y
89,LH1234,29AUG26,PNR048,MUELLER/ANDREASMR,ADULT,N,N,Y,N
90,LH1234,29AUG26,PNR049,SCHMIDT/STEFANMR,ADULT,N,N,N,N
91,LH1234,29AUG26,PNR050,WEBER/HANSMR,ADULT,N,N,N,N
92,LH1234,29AUG26,PNR051,NOVAK/PETERMR,ADULT,N,N,Y,N
93,LH1234,29AUG26,PNR052,KOVAC/TOMMR,ADULT,N,N,N,Y
94,LH1234,29AUG26,PNR053,HORVAT/IVANMR,ADULT,N,N,N,Y
95,LH1234,29AUG26,PNR054,BAUER/LUKAMR,ADULT,N,N,Y,N
96,LH1234,29AUG26,PNR055,FISCHER/MARKOMR,ADULT,N,N,N,N
97,LH1234,29AUG26,PNR056,WAGNER/JENSMR,ADULT,N,N,N,N
98,LH1234,29AUG26,PNR057,BECKER/PAULMR,ADULT,N,N,Y,N
99,LH1234,29AUG26,PNR058,HOFFMANN/ANDREASMR,ADULT,N,N,N,Y
100,LH1234,29AUG26,PNR059,SCHULZ/STEFANMR,ADULT,N,N,N,Y
101,LH1234,29AUG26,PNR060,KLEIN/HANSMR,ADULT,N,N,Y,N
102,LH1234,29AUG26,PNR061,WOLF/PETERMR,ADULT,N,N,N,Y
103,LH1234,29AUG26,PNR062,JUNG/TOMMR,ADULT,N,N,N,Y
104,LH1234,29AUG26,PNR063,LANGE/IVANMR,ADULT,N,N,Y,N
105,LH1234,29AUG26,PNR064,KRAUSE/LUKAMR,ADULT,N,N,N,Y
106,LH1234,29AUG26,PNR065,MEIER/MARKOMR,ADULT,N,N,N,N
107,LH1234,29AUG26,PNR066,VOGEL/JENSMR,ADULT,N,N,Y,N
108,LH1234,29AUG26,PNR067,ZIMMER/PAULMR,ADULT,N,N,N,Y
109,LH1234,29AUG26,PNR068,HAHN/ANDREASMR,ADULT,N,N,N,Y
110,LH1234,29AUG26,PNR069,ROTH/STEFANMR,ADULT,N,N,Y,N
111,LH1234,29AUG26,PNR070,BRAUN/HANSMR,ADULT,N,N,N,N
112,LH1234,29AUG26,PNR071,KOCH/PETERMR,ADULT,N,N,N,Y
113,LH1234,29AUG26,PNR072,MUELLER/TOMMR,ADULT,N,N,Y,N
114,LH1234,29AUG26,PNR073,SCHMIDT/IVANMR,ADULT,N,N,N,Y
115,LH1234,29AUG26,PNR074,WEBER/LUKAMR,ADULT,N,N,N,Y
116,LH1234,29AUG26,PNR075,NOVAK/MARKOMR,ADULT,N,N,Y,N
117,LH1234,29AUG26,PNR076,KOVAC/ELENAMRS,ADULT,Y,N,N,Y
118,LH1234,29AUG26,PNR077,HORVAT/KATJAMRS,ADULT,Y,N,N,N
119,LH1234,29AUG26,PNR078,BAUER/NINAMRS,ADULT,Y,N,Y,N
120,LH1234,29AUG26,PNR079,FISCHER/LUKAMSTR,UM,N,Y,N,N
121,LH1234,29AUG26,PNR080,WAGNER/LUKAMSTR,UM,N,Y,N,N
