paxId,pnr,name,paxType,prm,unaccompaniedMinor,connecting,localResident
1,PNR001,SCHMIDT/PETERMR,ADULT,N,N,N,Y
2,PNR001,SCHMIDT/LEAMRS,ADULT,N,N,N,Y
3,PNR002,WEBER/TOMMR,ADULT,N,N,N,Y
4,PNR002,WEBER/MARIAMRS,ADULT,N,N,N,Y
5,PNR003,NOVAK/IVANMR,ADULT,N,N,Y,N
6,PNR003,NOVAK/SARAMRS,ADULT,N,N,Y,N
7,PNR004,KOVAC/LUKAMR,ADULT,N,N,N,Y
8,PNR004,KOVAC/ELENAMRS,ADULT,N,N,N,Y
9,PNR005,HORVAT/MARKOMR,ADULT,N,N,N,N
10,PNR005,HORVAT/KATJAMRS,ADULT,N,N,N,N
11,PNR006,BAUER/JENSMR,ADULT,N,N,Y,N
12,PNR006,BAUER/NINAMRS,ADULT,N,N,Y,N
13,PNR007,FISCHER/PAULMR,ADULT,N,N,N,N
14,PNR007,FISCHER/JULIAMRS,ADULT,N,N,N,N
15,PNR008,WAGNER/ANDREASMR,ADULT,N,N,N,Y
16,PNR008,WAGNER/ANNAMRS,ADULT,N,N,N,Y
17,PNR009,BECKER/STEFANMR,ADULT,N,N,Y,N
18,PNR009,BECKER/LEAMRS,ADULT,N,N,Y,N
19,PNR010,HOFFMANN/HANSMR,ADULT,N,N,N,N
20,PNR010,HOFFMANN/MARIAMRS,ADULT,N,N,N,N
21,PNR011,SCHULZ/PETERMR,ADULT,N,N,N,Y
22,PNR011,SCHULZ/SARAMRS,ADULT,N,N,N,Y
23,PNR012,KLEIN/TOMMR,ADULT,N,N,Y,N
24,PNR012,KLEIN/ELENAMRS,ADULT,N,N,Y,N
25,PNR013,WOLF/IVANMR,ADULT,N,N,N,Y
26,PNR013,WOLF/KATJAMRS,ADULT,N,N,N,Y
27,PNR014,JUNG/LUKAMR,ADULT,N,N,N,N
28,PNR014,JUNG/NINAMRS,ADULT,N,N,N,N
29,PNR015,LANGE/MARKOMR,ADULT,N,N,Y,N
30,PNR015,LANGE/JULIAMRS,ADULT,N,N,Y,N
31,PNR016,KRAUSE/JENSMR,ADULT,N,N,N,Y
32,PNR016,KRAUSE/ANNAMRS,ADULT,N,N,N,Y
33,PNR017,MEIER/PAULMR,ADULT,N,N,N,Y
34,PNR017,MEIER/LEAMRS,ADULT,N,N,N,Y
35,PNR018,VOGEL/ANDREASMR,ADULT,N,N,Y,N
36,PNR018,VOGEL/MARIAMRS,ADULT,N,N,Y,N
37,PNR019,ZIMMER/STEFANMR,ADULT,N,N,N,Y
38,PNR019,ZIMMER/SARAMRS,ADULT,N,N,N,Y
39,PNR020,HAHN/HANSMR,ADULT,N,N,N,N
40,PNR020,HAHN/ELENAMRS,ADULT,N,N,N,N
41,PNR021,ROTH/PETERMR,ADULT,N,N,Y,N
42,PNR021,ROTH/KATJAMRS,ADULT,N,N,Y,N
43,PNR022,BRAUN/TOMMR,ADULT,N,N,N,Y
44,PNR022,BRAUN/NINAMRS,ADULT,N,N,N,Y
45,PNR023,KOCH/IVANMR,ADULT,N,N,N,Y
46,PNR023,KOCH/JULIAMRS,ADULT,N,N,N,Y
47,PNR023,KOCH/LEAMISS,CHILD,N,N,N,Y
48,PNR024,MUELLER/LUKAMR,ADULT,N,N,Y,N
49,PNR024,MUELLER/ANNAMRS,ADULT,N,N,Y,N
50,PNR024,MUELLER/LEAMISS,CHILD,N,N,Y,N
51,PNR025,SCHMIDT/MARKOMR,ADULT,N,N,N,N
52,PNR025,SCHMIDT/LEAMRS,ADULT,N,N,N,N
53,PNR025,SCHMIDT/LEAMISS,CHILD,N,N,N,N
54,PNR026,WEBER/JENSMR,ADULT,N,N,N,Y
55,PNR026,WEBER/MARIAMRS,ADULT,N,N,N,Y
56,PNR026,WEBER/LEAMISS,CHILD,N,N,N,Y
57,PNR027,NOVAK/PAULMR,ADULT,N,N,Y,N
58,PNR027,NOVAK/SARAMRS,ADULT,N,N,Y,N
59,PNR027,NOVAK/LEAMISS,CHILD,N,N,Y,N
60,PNR028,KOVAC/ANDREASMR,ADULT,N,N,N,N
61,PNR028,KOVAC/ELENAMRS,ADULT,N,N,N,N
62,PNR028,KOVAC/LEAMISS,CHILD,N,N,N,N
63,PNR029,HORVAT/STEFANMR,ADULT,N,N,N,Y
64,PNR029,HORVAT/KATJAMRS,ADULT,N,N,N,Y
65,PNR029,HORVAT/LEAMISS,CHILD,N,N,N,Y
66,PNR030,BAUER/HANSMR,ADULT,N,N,Y,N
67,PNR030,BAUER/NINAMRS,ADULT,N,N,Y,N
68,PNR030,BAUER/LEAMISS,CHILD,N,N,Y,N
69,PNR031,FISCHER/JULIAMRS,ADULT,N,N,N,Y
70,PNR031,FISCHER/JANMSTR,CHILD,N,N,N,Y
71,PNR032,WAGNER/ANNAMRS,ADULT,N,N,N,Y
72,PNR032,WAGNER/JANMSTR,CHILD,N,N,N,Y
73,PNR033,BECKER/LEAMRS,ADULT,N,N,Y,N
74,PNR033,BECKER/JANMSTR,CHILD,N,N,Y,N
75,PNR034,HOFFMANN/LUKAMR,ADULT,N,N,N,Y
76,PNR035,SCHULZ/MARKOMR,ADULT,N,N,N,N
77,PNR036,KLEIN/JENSMR,ADULT,N,N,Y,N
78,PNR037,WOLF/PAULMR,ADULT,N,N,N,Y
79,PNR038,JUNG/ANDREASMR,ADULT,N,N,N,Y
80,PNR039,LANGE/STEFANMR,ADULT,N,N,Y,N
81,PNR040,KRAUSE/HANSMR,ADULT,N,N,N,N
82,PNR041,MEIER/PETERMR,ADULT,N,N,N,Y
83,PNR042,VOGEL/TOMMR,ADULT,N,N,Y,N
84,PNR043,ZIMMER/IVANMR,ADULT,N,N,N,Y
85,PNR044,HAHN/LUKAMR,ADULT,N,N,N,Y
86,PNR045,ROTH/MARKOMR,ADULT,N,N,Y,N
87,PNR046,BRAUN/JENSMR,ADULT,N,N,N,Y
88,PNR047,KOCH/PAULMR,ADULT,N,N,N,Y
89,PNR048,MUELLER/ANDREASMR,ADULT,N,N,Y,N
90,PNR049,SCHMIDT/STEFANMR,ADULT,N,N,N,N
91,PNR050,WEBER/HANSMR,ADULT,N,N,N,N
92,PNR051,NOVAK/PETERMR,ADULT,N,N,Y,N
93,PNR052,KOVAC/TOMMR,ADULT,N,N,N,Y
94,PNR053,HORVAT/IVANMR,ADULT,N,N,N,Y
95,PNR054,BAUER/LUKAMR,ADULT,N,N,Y,N
96,PNR055,FISCHER/MARKOMR,ADULT,N,N,N,N
97,PNR056,WAGNER/JENSMR,ADULT,N,N,N,N
98,PNR057,BECKER/PAULMR,ADULT,N,N,Y,N
99,PNR058,HOFFMANN/ANDREASMR,ADULT,N,N,N,Y
100,PNR059,SCHULZ/STEFANMR,ADULT,N,N,N,Y
101,PNR060,KLEIN/HANSMR,ADULT,N,N,Y,N
102,PNR061,WOLF/PETERMR,ADULT,N,N,N,Y
103,PNR062,JUNG/TOMMR,ADULT,N,N,N,Y
104,PNR063,LANGE/IVANMR,ADULT,N,N,Y,N
105,PNR064,KRAUSE/LUKAMR,ADULT,N,N,N,Y
106,PNR065,MEIER/MARKOMR,ADULT,N,N,N,N
107,PNR066,VOGEL/JENSMR,ADULT,N,N,Y,N
108,PNR067,ZIMMER/PAULMR,ADULT,N,N,N,Y
109,PNR068,HAHN/ANDREASMR,ADULT,N,N,N,Y
110,PNR069,ROTH/STEFANMR,ADULT,N,N,Y,N
111,PNR070,BRAUN/HANSMR,ADULT,N,N,N,N
112,PNR071,KOCH/PETERMR,ADULT,N,N,N,Y
113,PNR072,MUELLER/TOMMR,ADULT,N,N,Y,N
114,PNR073,SCHMIDT/IVANMR,ADULT,N,N,N,Y
115,PNR074,WEBER/LUKAMR,ADULT,N,N,N,Y
116,PNR075,NOVAK/MARKOMR,ADULT,N,N,Y,N
117,PNR076,KOVAC/ELENAMRS,ADULT,Y,N,N,Y
118,PNR077,HORVAT/KATJAMRS,ADULT,Y,N,N,N
119,PNR078,BAUER/NINAMRS,ADULT,Y,N,Y,N
120,PNR079,FISCHER/LUKAMSTR,UM,N,Y,N,N
121,PNR080,WAGNER/LUKAMSTR,UM,N,Y,N,N
